STATUS, COMPANY NAME                  , CASE NO. , COURT   , CORPORATE HQ STATE, INDUSTRY, CHIEF RESTRUCTURING OFFICER                                 , COUNSEL FOR DEBTORS AND DIP 1                              , COUNSEL FOR DEBTORS AND DIP 2         , FA/IB TO THE DEBTOR                                                   , COUNSEL FOR COMMITTEE OF UNSECURED CREDITORS 1, COUNSEL FOR COMMITTEE OF UNSECURED CREDITORS 2, FA FOR COMMITTEE OF UNSECURED CREDITORS 1, FA FOR COMMITTEE OF UNSECURED CREDITORS 2, CLAIMS AGENT                          , JUDGE                    , APPOINTED LIQUIDATING TRUSTEE, VOTING DEADLINE, CONFIRMATION HEARING DEADLINE, Notes from last time check
ACTIVE, Aio Us Inc                    , 24-11836 , Delaware,                   ,         , "Ankura Consulting Group, LLC (Philip J. Gund)"             , "Weil, Gotshal & Manges LLP"                               , "Richards, Layton & Finger, P.A."     , TBD                                                                   , "Cooley, LLP"                                 , "A.M. Saccullo Legal, LLC"                    , "Province, LLC"                          , TBD                                      , "EPIQ CORPORATE RESTRUCTURING, LLC"   , Craig T Goldblatt        , TBD                          , TBD            ,                              , 
ACTIVE, Exactech Inc                  , 24-12438 , Delaware,                   ,         , Riveron Management Services (Jesse York)                    , Ropes & Gray LLP                                           , "Young Conaway Stargatt & Taylor, LLP", Centerview Partners LLC (IB)                                          , Brown Rudnick LLP                             , TBD                                           , "Province, LLC"                          , TBD                                      , KROLL RESTRUCTURING ADMINISTRATION LLC, Laurie Selber Silverstein, TBD                          , TBD            ,                              , 
ACTIVE, Fulcrum Bioenergy Inc         , 24-12008 , Delaware,                   ,         , Mark Smith                                                  , "Morris, Nichols, Arsht & Tunnell LLP"                     , TBD                                   , "Development Specialists, Inc. (FA/IB)"                               , Morris James LLP                              , Eversheds Sutherland (US) LLP                 , "Dundon Advisers, LLC"                   , TBD                                      ,                                       , Thomas M Horan           , TBD                          , TBD            ,                              , 
ACTIVE, Mondee Holdings Inc           , 25-10047 , Delaware,                   ,         , "M3 Advisory Partners, LP (Mohsin Y. Meghji)"               , TBD                                                        , "Young Conaway Stargatt & Taylor, LLP", Piper Sandler & Co. (IB)                                              , TBD                                           , TBD                                           , TBD                                      , TBD                                      , KROLL RESTRUCTURING ADMINISTRATION LLC, J Kate Stickles          , TBD                          , TBD            ,                              , 
ACTIVE, Power Block Coin Llc          , unknown  , Unknown ,                   ,         , TBD                                                         , Parsons Behle & Latimer                                    , TBD                                   , TBD                                                                   , TBD                                           , TBD                                           , TBD                                      , TBD                                      ,                                       ,                          , TBD                          , TBD            ,                              , 
ACTIVE, Reactor Parent Wind Down Inc  , 24-12446 , Delaware,                   ,         , TBD                                                         , "Young Conaway Stargatt & Taylor, LLP"                     , TBD                                   , Intrepid Investment Bankers LLC (IB)                                  , Seward & Kissel LLP                           , Potter Anderson & Corroon LLP                 , Emerald Capital Advisors                 , TBD                                      , STRETTO                               , Karen B. Owens           , TBD                          , TBD            ,                              , 
ACTIVE, Sc Healthcare Holding Llc     , 24-10486 , Delaware,                   ,         , Getzler Henrich & Associates LLC (TBD)                      , TBD                                                        , Winston & Strawn LLP                  , TBD                                                                   , "Greenberg Traurig, LLP"                      , TBD                                           , "Province, LLC"                          , TBD                                      , "KURTZMAN CARSON CONSULTANTS, LLC"    , Thomas M Horan           , TBD                          , TBD            ,                              , 
ACTIVE, Tupperware Brands Corporation , 24-12167 , Delaware,                   ,         , "Alvarez & Marsal North America, LLC (Brian J. Fox)"        , Kirkland & Ellis LLP and Kirkland & Ellis International LLP, Cole Schotz P.C.                      , "Moelis & Company LLC (IB) / Alvarez & Marsal North America, LLC (FA)", Brown Rudnick LLP                             , Morris James LLP                              , "Berkeley Research Group, LLC"           , TBD                                      , "EPIQ CORPORATE RESTRUCTURING, LLC"   , Brendan Linehan Shannon  , TBD                          , TBD            ,                              , 
ACTIVE, Fisker Inc                    , 24-11390 , Delaware,                   ,         , "Huron Consulting Services, LLC (John C. Didonato)"         , TBD                                                        , TBDTBD                                , TBD                                                                   , Morrison & Foerster LLP                       , TBD                                           , TBD                                      , TBD                                      ,                                       , Thomas M Horan           , TBD                          , TBD            ,                              , 
ACTIVE, Infinity Pharmaceuticals Inc  , 23-11640 , Delaware,                   ,         , TBD                                                         , TBD                                                        , TBDTBD                                , TBD                                                                   , TBD                                           , TBD                                           , TBD                                      , TBD                                      , STRETTO                               , Brendan Linehan Shannon  , TBD                          , TBD            ,                              , 
ACTIVE, Gritstone Bio Inc             , unknown  , Delaware,                   ,         , TBD                                                         , TBD                                                        , TBDTBD                                , TBD                                                                   , ArentFox Schiff LLP                           , Potter Anderson & Corroon LLP                 , "FTI Consulting, Inc"                    , TBD                                      , "KURTZMAN CARSON CONSULTANTS, LLC"    , Karen B. Owens           , TBD                          ,                ,                              , 
ACTIVE, Ll Flooring Holdings Inc      , 24-11680 , Delaware,                   ,         , "AP Services, LLC (Holly Etlin)"                            , TBD                                                        , TBDTBD                                , TBD                                                                   , Cole Schotz P.C                               , TBD                                           , TBD                                      , Genesis Credit Partners LLC              , STRETTO                               , Brendan Linehan Shannon  , TBD                          , 12/11/2024     , 12/18/2024                   , 
ACTIVE, November 26 Inc               , 24-12245 , Delaware,                   ,         , TBD                                                         , TBD                                                        , TBDTBD                                , TBD                                                                   , Dundon Advisors LLC                           , Esbrook P.C                                   , Dundon Advisers LLC                      , TBD                                      , "EPIQ CORPORATE RESTRUCTURING, LLC"   , Karen B. Owens           , TBD                          , 01/13/2025     , 02/25/2025                   , 
ACTIVE, Vesttoo Ltd                   , 23-11160 , Delaware,                   ,         , TBD                                                         , TBD                                                        , TBDTBD                                , TBD                                                                   , "Greenberg Traurig, LLP"                      , TBD                                           , "Alvarez & Marsal North America, LLC"    , TBD                                      , "EPIQ CORPORATE RESTRUCTURING, LLC"   , Mary F. Walrath          , TBD                          ,                ,                              , 
ACTIVE, Exp Oldco Winddown Inc        , 24-10831 , Delaware,                   ,         , TBD                                                         , TBD                                                        , TBDTBD                                , TBD                                                                   , TBD                                           , Kramer Levin Naftalis & Frankel LLP           , "Province, LLC"                          , TBD                                      , STRETTO                               , Karen B. Owens           , Tracy L. Klestadt            , 10/09/2024     , 10/16/2024                   , 
ACTIVE, Isun Inc                      , 24-11144 , Delaware,                   ,         , "Novo Advisors, LLC (TBD)"                                  , TBD                                                        , TBDTBD                                , TBD                                                                   , Seward & Kissel LLP                           , "Benesch, Friedlander, Coplan & Aronoff LLP"  , Dundon Advisers LLC                      , TBD                                      , "EPIQ CORPORATE RESTRUCTURING, LLC"   , Thomas M Horan           , TBD                          ,                ,                              , 
ACTIVE, Kfi Wind Down Corp            , 23- 10638, Delaware,                   ,         , TBD                                                         , TBD                                                        , TBDTBD                                , TBD                                                                   , TBD                                           , Brown Rudnick LLP                             , "Houlihan Lokey Capital, Inc"            , TBD                                      , STRETTO                               , Laurie Selber Silverstein, TBD                          ,                ,                              , 
ACTIVE, Lucira Health Inc             , 23-10242 , Delaware,                   ,         , TBD                                                         , TBD                                                        , TBDTBD                                , TBD                                                                   , Lowenstein Sandler LLP                        , Morris James LLP                              , Dundon Advisers LLC                      , TBD                                      , "DONLIN, RECANO & CO., INC."          , Mary F. Walrath          , TBD                          ,                ,                              , 
ACTIVE, Lumio Holdings Inc            , 24-11916 , Delaware,                   ,         , TBD                                                         , TBD                                                        , TBDTBD                                , TBD                                                                   , "Porzio, Bromberg & Newman, P.C"              , TBD                                           , "Province, LLC"                          , TBD                                      , STRETTO                               , Brendan Linehan Shannon  , TBD                          , 01/27/2025     , 02/03/2025                   , 
ACTIVE, Meiers Wine Cellars Inc       , 24-11575 , Unknown ,                   ,         , TBD                                                         , TBD                                                        , TBDTBD                                , TBD                                                                   , TBD                                           , TBD                                           , TBD                                      , TBD                                      ,                                       , Mary F. Walrath          , TBD                          ,                ,                              , 
ACTIVE, Number Holdings Inc           , 24-10719 , Delaware,                   ,         , "Alvarez & Marsal North America, LLC (Christopher J. Wells)", TBD                                                        , TBDTBD                                , TBD                                                                   , Pachulski Stang Ziehl & Jones LLP             , TBD                                           , Genesis Credit Partners LLC              , TBD                                      , KROLL RESTRUCTURING ADMINISTRATION LLC, J Kate Stickles          , TBD                          ,                ,                              , 
ACTIVE, Parlement Technologies Inc    , 24-10755 , Delaware,                   ,         , "Verdolino & Lowey, P.C. (Craig R. Jalbert)"                , TBD                                                        , TBDTBD                                , TBD                                                                   , TBD                                           , TBD                                           , TBD                                      , TBD                                      ,                                       , Craig T Goldblatt        , TBD                          ,                ,                              , 
ACTIVE, Pear Therapeutics Inc         , 23-10429 , Delaware,                   ,         , "Sonoran Capital Partners, LLC (Matthew Foster)"            , TBD                                                        , TBDTBD                                , TBD                                                                   , Thompson Coburn Hahn & Hessen LLP             , Thompson Coburn Hahn & Hessen LLP             , Dundon Advisers LLC                      , TBD                                      ,                                       , Thomas M Horan           , TBD                          , 03/18/2024     , 05/02/2024                   , 
ACTIVE, Silvergate Capital Corporation, 24-12158 , Delaware,                   ,         , TBD                                                         , TBD                                                        , TBDTBD                                , TBD                                                                   , TBD                                           , TBD                                           , TBD                                      , TBD                                      , STRETTO                               , Craig T Goldblatt        , TBD                          ,                ,                              , 
ACTIVE, Sio2 Medical Products Inc     , 23-10366 , Delaware,                   ,         , TBD                                                         , TBD                                                        , TBDTBD                                , TBD                                                                   , White & Case LLP                              , Potter Anderson & Corroon LLP                 , "Province, LLC"                          , TBD                                      , "DONLIN, RECANO & CO., INC."          , John T. Dorsey           , Peter Kravitz                , 07/10/2023     , 05/16/2023                   , 
ACTIVE, Structurlam Mass Timber Us Inc, 23-10497 , Delaware,                   ,         , TBD                                                         , TBD                                                        , TBDTBD                                , TBD                                                                   , TBD                                           , TBD                                           , Dundon Advisers LLC                      , TBD                                      , "KURTZMAN CARSON CONSULTANTS, LLC"    , Craig T Goldblatt        , TBD                          , 12/12/2023     , 12/19/2023                   , 
